Trade Show,Vendor
ISA Sign Expo,Almaas Aldahabi Plastic Industries for P.V.C Foam board production L.L.C
ISA Sign Expo,AP Lazer | Laser Cutters + Engravers
ISA Sign Expo,CUTWORX USA
ISA Sign Expo,Elliott Equipment Company
ISA Sign Expo,Epilog Laser
ISA Sign Expo,General Formulations
ISA Sign Expo,Gildo Profilati
ISA Sign Expo,"Hirsch Solutions, LLC"
ISA Sign Expo,InfoFlo Print
ISA Sign Expo,AP Lazer | Laser Cutters + Engravers
ISA Sign Expo,Arlon Graphics
ISA Sign Expo,Art Sign Works
ISA Sign Expo,Arter Neon Sign Inc
ISA Sign Expo,Ascent Equipment
ISA Sign Expo,Ascentium Capital
ISA Sign Expo,"Aurora Science and Technology Co., Ltd"
ISA Sign Expo,Avery Dennison Graphics Solutions
ISA Sign Expo,Awning and Sign Contractors
ISA Sign Expo,Awning Innovations/VISTA
ISA Sign Expo,AXYZ Routers & WARDJET Waterjets
ISA Sign Expo,Azimuth Machinery
ISA Sign Expo,Banner Ups / Budnick Converting
ISA Sign Expo,China Sign Association Of Equipment Supplies
ISA Sign Expo,"CIDAN Machinery, Inc."
ISA Sign Expo,"Cirrus Systems, Inc."
ISA Sign Expo,Clarke Systems
ISA Sign Expo,Clear Digital
ISA Sign Expo,CleBitCo
ISA Sign Expo,"CLN of South Florida, Inc."
ISA Sign Expo,Coastal Enterprises
ISA Sign Expo,"COBO CO., LTD"
ISA Sign Expo,Colex Finishing Inc
ISA Sign Expo,COLOR-DEC NORTH AMERICA
ISA Sign Expo,Colorado Sign Association
ISA Sign Expo,"Component Signage, Inc."
ISA Sign Expo,"Computerized Cutters, Inc."
ISA Sign Expo,Contra Vision
ISA Sign Expo,CoreBridge
ISA Sign Expo,Cortina Safety Products
ISA Sign Expo,Cranes 101
ISA Sign Expo,EFI
ISA Sign Expo,Electronic Sign Supply
ISA Sign Expo,Elliott Equipment Company
ISA Sign Expo,Enfocus BV
ISA Sign Expo,Enta Lighting (shenzhen)Ltd
ISA Sign Expo,Epic Craftings
ISA Sign Expo,Epilog Laser
ISA Sign Expo,EPM INTERNATIONAL TRADE LLC
ISA Sign Expo,ePower America
ISA Sign Expo,"Epson America, Inc."
ISA Sign Expo,Erie Custom Signs
ISA Sign Expo,ESCO Manufacturing
ISA Sign Expo,Euchips Electronics Inc.
ISA Sign Expo,Euro Panel Products Limited
ISA Sign Expo,Everylite
ISA Sign Expo,EXPOMAX (CHINA) ADVERTISING DISPLAY LIMITED
ISA Sign Expo,faces
ISA Sign Expo,FASTENation
ISA Sign Expo,Graphco
ISA Sign Expo,"Graphic Finishing Partners, LLC"
ISA Sign Expo,"Graphic Solutions Group, Inc. (GSG)"
ISA Sign Expo,Graphic Tech LLC
ISA Sign Expo,Graphic Whizard
ISA Sign Expo,Graphics Pro (Parent Company - Cahaba Media Group)
ISA Sign Expo,Graphictac Film
ISA Sign Expo,"Graphtec America, Inc"
ISA Sign Expo,"Grasshopper Signs & Graphics, LLC"
ISA Sign Expo,"Grimco, Inc."
ISA Sign Expo,GSOURCE TECHNOLOGIES LLC
ISA Sign Expo,"Guangdong Done Electronic Technology Co.,Ltd"
ISA Sign Expo,"Guangdong Easy-Print Technology Co., Ltd."
ISA Sign Expo,Guangdong Kepu Technology Co. Ltd
ISA Sign Expo,"GUANGDONG YIDU TECHNOLOGY CO.,LTD"
ISA Sign Expo,"GUANGZHOU YITE TECHNOLOGY CO., LIMITED"
ISA Sign Expo,"Guangzhou Ezletter Co., Ltd."
ISA Sign Expo,"Guangzhou Fire Leaf Technology Co., Ltd."
ISA Sign Expo,HUIZAO ACRYLIC INC
ISA Sign Expo,"Huizhou Misini Optoelectronics Technology Co.,Ltd"
ISA Sign Expo,"Huzhou Libang Supply Chain Management Co.,Ltd"
ISA Sign Expo,HX Production Group Limited
ISA Sign Expo,IDEAL SIGN INDUSTRY LIMITED
ISA Sign Expo,Identity Group
ISA Sign Expo,IKONICS Imaging
ISA Sign Expo,Illinois Sign Association
ISA Sign Expo,Illuminated Image
ISA Sign Expo,Impact LED Signs
ISA Sign Expo,INCISEON
ISA Sign Expo,Indy Imaging
ISA Sign Expo,Infinity Media Company
ISA Sign Expo,InfoFlo Print
ISA Sign Expo,Inktavo
ISA Sign Expo,Laguna Tools Inc.
ISA Sign Expo,Laird Plastics
ISA Sign Expo,Laser Tools & Technics Corporation
ISA Sign Expo,Legion Graphics
ISA Sign Expo,LEISTER TECHNOLOGIES LLC
ISA Sign Expo,"Liaocheng Haotian Machinery Equipment Co.,ltd"
ISA Sign Expo,"Liaoning Neon Frog Cultural Industry Co., Ltd"
ISA Sign Expo,Lind SignSpring Group
ISA Sign Expo,"LINENG (FOSHAN) PLASTIC PRODUCTS CO., LTD."
ISA Sign Expo,"Lintec of America, Inc."
ISA Sign Expo,LIONLED CHINA
ISA Sign Expo,"LogoJET, Inc."
ISA Sign Expo,Nevada Sign Association
ISA Sign Expo,"New Life Magnetics, LLC"
ISA Sign Expo,"NINGBO LUCHEN PACKAGING TECHNOLOGY CO.,LTD"
ISA Sign Expo,"Ningbo YuanYuan 3F Co., Ltd"
ISA Sign Expo,Nippon Carbide Industries (USA) Inc.
ISA Sign Expo,Norlok Technology Inc.
ISA Sign Expo,Northeast States Sign Association
ISA Sign Expo,Northwest Sign Council
ISA Sign Expo,"Nova Polymers, Inc."
ISA Sign Expo,Numeritex Displays
ISA Sign Expo,"OneVision, Inc."
ISA Sign Expo,ONEW Printable Wallpaper
ISA Sign Expo,QHF
ISA Sign Expo,"QINGDAO KINHO PLASTIC CO., LTD"
ISA Sign Expo,"QSPAC Industries, Inc."
ISA Sign Expo,Radiant Mfg
ISA Sign Expo,Rainbow Polycarbonate
ISA Sign Expo,Reece Supply Company
ISA Sign Expo,Republic Manufacturing
ISA Sign Expo,Reverence Engineering
ISA Sign Expo,Roland DGA Corp.
ISA Sign Expo,Rollover AS
ISA Sign Expo,ROLLSROLLER Inc.
ISA Sign Expo,Ronchini Massimo srl
ISA Sign Expo,"Ruibo (Guangdong) New Materials Co., Ltd"
ISA Sign Expo,Ruthmann Reachmaster
ISA Sign Expo,Safety Speed Manufacturing
ISA Sign Expo,SAi
ISA Sign Expo,SDS Automation
ISA Sign Expo,SEGD
ISA Sign Expo,Sherwin-Williams
ISA Sign Expo,shopVOX
ISA Sign Expo,"SICHUAN JAGUAR SIGN EXPRESS CO.,LTD"
ISA Sign Expo,Sign Association of Canada
ISA Sign Expo,Sign Build Trade Solutions
ISA Sign Expo,Sign Builder Illustrated
ISA Sign Expo,"Sign Builders, Inc."
ISA Sign Expo,sign source usa
ISA Sign Expo,Sign Wiring Pros
ISA Sign Expo,Signage Details
ISA Sign Expo,SignAgent
ISA Sign Expo,Signarama
ISA Sign Expo,SignComp
ISA Sign Expo,Signs of the Times
ISA Sign Expo,SIGNUM
ISA Sign Expo,Texas Sign and Graphics
ISA Sign Expo,Texas Sign Association
ISA Sign Expo,Texture Plus
ISA Sign Expo,The Hub - ISA & Affiliates
ISA Sign Expo,The Sign Pack & SignScope
ISA Sign Expo,"The Signage Factory Ltd, Bangkok, Thailand"
ISA Sign Expo,ThinkSign Inc
ISA Sign Expo,THUNDER LASER USA
ISA Sign Expo,TKCG Engineering
ISA Sign Expo,TLG MATERIALS LLC
ISA Sign Expo,TMT LED USA
ISA Sign Expo,Toolkit Services
ISA Sign Expo,Torq CRM
ISA Sign Expo,TRADA SIGNS
ISA Sign Expo,tradeline llc
ISA Sign Expo,"TRC ELECTRONICS, Inc."
ISA Sign Expo,"TRG | The Rowmark Group (Johnson Plastics Plus, Gyford Standoff Systems, Accent Signage Systems & Rowmark)"
ISA Sign Expo,Tri-State Sign Association
ISA Sign Expo,"WuJiang Yu Xing Metal Art Decoration Co., Ltd."
ISA Sign Expo,"X-Edge Products, Inc"
ISA Sign Expo,Xante Corporation
ISA Sign Expo,XKSIGN CO.ï¼ŒLIMITED
ISA Sign Expo,Xpert Sign Tools
ISA Sign Expo,YANCHENG MEIYI ARTS AND CRAFTS FACTORY
ISA Sign Expo,Yesman Global
ISA Sign Expo,YOUCOM LIMITED
ISA Sign Expo,Yupo Corporation America
ISA Sign Expo,Z3 Graphics Inc.
ISA Sign Expo,"Zhaoqing Carlas Industrial Co.,Ltd"
ISA Sign Expo,Zhejiang Boyang New Material Co Ltd
ISA Sign Expo,"Zhejiang Ganglong New Material Co,. Ltd"
ISA Sign Expo,"Zhejiang Kangzhan New Materials Co., LTD"
ISA Sign Expo,"Zhejiang MSD Group Share Co., Ltd"
ISA Sign Expo,"Zhejiang So-fine Self-adhesive Products Co., Ltd"
ISA Sign Expo,"Zhejiang Yifang New Materials CO.,LTD"
ISA Sign Expo,"ZHEJIANG YIYA NEW MATERIALS CO.,LTD."
2025 HVAC Excellence National HVACR Education Conference,A-Gas
2025 HVAC Excellence National HVACR Education Conference,Air Duct Council (ADC)
2025 HVAC Excellence National HVACR Education Conference,"AirSept, Inc."
2025 HVAC Excellence National HVACR Education Conference,Amatrol
2025 HVAC Excellence National HVACR Education Conference,American Technical Publishers
2025 HVAC Excellence National HVACR Education Conference,A.O. Smith
2025 HVAC Excellence National HVACR Education Conference,Appion Tools
2025 HVAC Excellence National HVACR Education Conference,Belimo Aircontrols
2025 HVAC Excellence National HVACR Education Conference,Bosch
2025 HVAC Excellence National HVACR Education Conference,Bradford White Water Heaters
2025 HVAC Excellence National HVACR Education Conference,Building Performance Institute
2025 HVAC Excellence National HVACR Education Conference,Cengage
2025 HVAC Excellence National HVACR Education Conference,Chemours
2025 HVAC Excellence National HVACR Education Conference,"Contemporary Control Systems, Inc."
2025 HVAC Excellence National HVACR Education Conference,Copeland / White-Rodgers
2025 HVAC Excellence National HVACR Education Conference,Daikin Comfort Technologies
2025 HVAC Excellence National HVACR Education Conference,D&R International
2025 HVAC Excellence National HVACR Education Conference,Electric & Gas Industries Association
2025 HVAC Excellence National HVACR Education Conference,Esco Institute
2025 HVAC Excellence National HVACR Education Conference,Fieldpiece Instruments
2025 HVAC Excellence National HVACR Education Conference,Fluke Corporation
2025 HVAC Excellence National HVACR Education Conference,FMHero
2025 HVAC Excellence National HVACR Education Conference,Forest Scientific Corporation
2025 HVAC Excellence National HVACR Education Conference,ForgeNow
2025 HVAC Excellence National HVACR Education Conference,Fujitsu General America Inc.
2025 HVAC Excellence National HVACR Education Conference,G-W Publisher
2025 HVAC Excellence National HVACR Education Conference,Hampden Engineering
2025 HVAC Excellence National HVACR Education Conference,HAVEN IAQ
2025 HVAC Excellence National HVACR Education Conference,Heatcraft Refrigeration
2025 HVAC Excellence National HVACR Education Conference,"Highside Chemicals, Inc."
2025 HVAC Excellence National HVACR Education Conference,Honeywell
2025 HVAC Excellence National HVACR Education Conference,Hudson Technologies
2025 HVAC Excellence National HVACR Education Conference,HVAC Excellence
2025 HVAC Excellence National HVACR Education Conference,Inaba Denko America
2025 HVAC Excellence National HVACR Education Conference,INFICON
2025 HVAC Excellence National HVACR Education Conference,Interplay Learning
2025 HVAC Excellence National HVACR Education Conference,JB Industries
2025 HVAC Excellence National HVACR Education Conference,"KE2 Therm Solution, Inc."
2025 HVAC Excellence National HVACR Education Conference,Klein Tools
2025 HVAC Excellence National HVACR Education Conference,"Kwik Model/Coded Energy, Inc."
2025 HVAC Excellence National HVACR Education Conference,LG Electronics
2025 HVAC Excellence National HVACR Education Conference,Malco Products SBC
2025 HVAC Excellence National HVACR Education Conference,Mastercool Inc.
2025 HVAC Excellence National HVACR Education Conference,Maxitrol Company
2025 HVAC Excellence National HVACR Education Conference,Microtek
2025 HVAC Excellence National HVACR Education Conference,Midea
2025 HVAC Excellence National HVACR Education Conference,Mitsubishi Electric Trane US LLC
2025 HVAC Excellence National HVACR Education Conference,MODINE
2025 HVAC Excellence National HVACR Education Conference,Mueller Industries
2025 HVAC Excellence National HVACR Education Conference,NAVAC Inc
2025 HVAC Excellence National HVACR Education Conference,"National ITC, Corp."
2025 HVAC Excellence National HVACR Education Conference,Nauman Innovation Group / HVAC Simulator
2025 HVAC Excellence National HVACR Education Conference,North Park Innovations Group Inc.
2025 HVAC Excellence National HVACR Education Conference,Nu-Calgon
2025 HVAC Excellence National HVACR Education Conference,Parker Hannifin Sporlan
2025 HVAC Excellence National HVACR Education Conference,Podium
2025 HVAC Excellence National HVACR Education Conference,Rapid Locking Systems RLS
2025 HVAC Excellence National HVACR Education Conference,RectorSeal
2025 HVAC Excellence National HVACR Education Conference,Refrigeration Technologies
2025 HVAC Excellence National HVACR Education Conference,Regal Rexnord
2025 HVAC Excellence National HVACR Education Conference,Resideo
2025 HVAC Excellence National HVACR Education Conference,Retrotec
2025 HVAC Excellence National HVACR Education Conference,Rheem Manufacturing
2025 HVAC Excellence National HVACR Education Conference,Ritchie Engineering Co Inc
2025 HVAC Excellence National HVACR Education Conference,Sauermann Americas
2025 HVAC Excellence National HVACR Education Conference,Seitron Americas Inc
2025 HVAC Excellence National HVACR Education Conference,Techsource Tools
2025 HVAC Excellence National HVACR Education Conference,Testo Inc.
2025 HVAC Excellence National HVACR Education Conference,The Energy Conservatory
2025 HVAC Excellence National HVACR Education Conference,TruTech Tools
2025 HVAC Excellence National HVACR Education Conference,UEi Test Instruments
2025 HVAC Excellence National HVACR Education Conference,United Association
2025 HVAC Excellence National HVACR Education Conference,Uniweld Products
2025 HVAC Excellence National HVACR Education Conference,Women in HVACR
2025 HVAC Excellence National HVACR Education Conference,"zSpace, Inc."
